{u:location=%7B%22countryCode%22%3A%22KR%22%2C%22regionId%22%3A%2241%22%2C%22ip%22%3A%22127.0.0.1%22%2C%22ccode3%22%3A%22KOR%22%2C%22ccode3NoRegion%22%3A%22KOR%22%2C%22timezone%22%3A%22Asia%2FSeoul%22%7D; _gcl_au=1.1.821310505.1771260307; _ga=GA1.1.918182135.1771260307; _hjSession_2585474=eyJpZCI6IjM5YTU5MzA0LTNiZjYtNGVjZS1iNTFhLTMwNGVjNTlmMzE1YyIsImMiOjE3NzEyNjAzMDgwODgsInMiOjAsInIiOjAsInNiIjowLCJzciI6MCwic2UiOjAsImZzIjoxLCJzcCI6MH0=; _cc_id=5d30b541294385fdf51e14a2a9b18f6b; panoramaId_expiry=1771865108639; panoramaId=c92b3e2f0b0dd744c64bc10a3b5a16d53938e175d64a7b36dcba9933a22f1c41; panoramaIdType=panoIndiv; NEXT_LOCALE=ko; _hjSessionUser_2585474=eyJpZCI6ImE1YTFjMWQ2LWI5MDQtNTIzYy05ZWVlLWUxMjU4ZDA0MmUzNyIsImNyZWF0ZWQiOjE3NzEyNjAzMDgwODgsImV4aXN0aW5nIjp0cnVlfQ==; g_state={"i_l":0,"i_ll":1771262242997,"i_b":"WUrnENsfHWMSLjKK47j3Sa2xB7qbOr1lJ77XKYjakUM","i_e":{"enable_itp_optimization":0}}; turnstile_verified=1.1771262536.ea24dda0bc314c14d40d7bc60d3ef4128b80927fabe93a67336597c7176e9414;}